Date,Home Team,Away Team,Home Elo,Away Elo
9/4/2014,SEA,GB,1678.971,1499.827
9/7/2014,PHI,JAX,1528.197,1361.082
9/7/2014,PIT,CLE,1537.231,1390.199
9/7/2014,BAL,CIN,1529.779,1560.389
9/7/2014,TB,CAR,1436.161,1576.688
9/7/2014,DEN,IND,1624.09,1540.218
9/7/2014,LAR,MIN,1512.75,1474.824
9/7/2014,ATL,NO,1458.825,1573.737
9/7/2014,CHI,BUF,1493.573,1456.183
9/7/2014,DAL,SF,1501.041,1647.763
9/7/2014,HOU,WSH,1384.864,1399.479
9/7/2014,KC,TEN,1503.448,1466.756
9/7/2014,MIA,NE,1482.607,1624.459
9/7/2014,NYJ,OAK,1465.72,1370.713
9/8/2014,ARI,LAC,1551.021,1559.872
9/8/2014,DET,NYG,1472.359,1494.944
9/11/2014,BAL,PIT,1506.57,1542.992
9/14/2014,BUF,MIA,1474.887,1515.905
9/14/2014,CAR,DET,1591.474,1499.001
9/14/2014,CIN,ATL,1583.598,1475.033
9/14/2014,WSH,JAX,1378.685,1350.198
9/14/2014,CLE,NO,1384.438,1557.528
9/14/2014,DEN,KC,1635.697,1465.288
9/14/2014,GB,NYJ,1489.032,1475.232
9/14/2014,MIN,NE,1520.319,1591.162
9/14/2014,SF,CHI,1666.188,1474.868
9/14/2014,NYG,ARI,1468.302,1556.697
9/14/2014,LAC,SEA,1554.196,1689.766
9/14/2014,TEN,DAL,1504.915,1482.616
9/14/2014,TB,LAR,1421.375,1467.255
9/14/2014,OAK,HOU,1361.201,1405.658
9/15/2014,IND,PHI,1528.612,1539.081
9/18/2014,ATL,TB,1461.523,1409.683
9/21/2014,MIA,KC,1488.313,1457.585
9/21/2014,CAR,PIT,1606.996,1515.404
9/21/2014,CIN,TEN,1597.108,1468.151
9/21/2014,CLE,BAL,1399.474,1534.158
9/21/2014,ARI,SF,1579.632,1625.705
9/21/2014,DET,GB,1483.479,1504.631
9/21/2014,LAR,DAL,1478.947,1519.379
9/21/2014,JAX,IND,1325.689,1512.183
9/21/2014,NO,MIN,1542.491,1489.155
9/21/2014,NE,OAK,1622.325,1330.913
9/21/2014,NYG,HOU,1445.368,1435.946
9/21/2014,PHI,WSH,1555.509,1403.194
9/21/2014,SEA,DEN,1661.21,1643.4
9/21/2014,BUF,LAC,1502.479,1582.751
9/22/2014,NYJ,CHI,1459.633,1515.351
9/25/2014,WSH,NYG,1397.579,1465.509
9/28/2014,IND,TEN,1533.148,1453.21
9/28/2014,SF,PHI,1604.118,1561.124
9/28/2014,NYJ,DET,1436.978,1505.47
9/28/2014,DAL,NO,1534.389,1558.337
9/28/2014,MIN,ATL,1473.309,1485.661
9/28/2014,BAL,CAR,1542.7,1561.902
9/28/2014,CHI,GB,1538.006,1482.639
9/28/2014,MIA,OAK,1448.575,1326.837
9/28/2014,LAC,JAX,1607.105,1304.724
9/28/2014,HOU,BUF,1415.805,1478.125
9/28/2014,PIT,TB,1560.498,1385.545
9/29/2014,KC,NE,1497.323,1626.401
10/2/2014,GB,MIN,1526.235,1495.207
10/5/2014,SF,KC,1616.053,1537.904
10/5/2014,LAC,NYJ,1612.632,1416.425
10/5/2014,JAX,PIT,1299.196,1535.627
10/5/2014,PHI,LAR,1549.189,1463.938
10/5/2014,TEN,CLE,1434.925,1390.933
10/5/2014,NYG,ATL,1499.828,1463.763
10/5/2014,NE,CIN,1585.82,1612.049
10/5/2014,NO,TB,1531.562,1410.416
10/5/2014,DET,BUF,1526.023,1458.84
10/5/2014,DEN,ARI,1629.034,1601.219
10/5/2014,DAL,HOU,1561.164,1435.091
10/5/2014,IND,BAL,1551.432,1571.363
10/5/2014,CAR,CHI,1533.239,1494.41
10/6/2014,WSH,SEA,1363.259,1675.576
10/9/2014,HOU,IND,1428.719,1569.181
10/12/2014,ARI,WSH,1579.299,1354.892
10/12/2014,MIA,GB,1468.806,1550.707
10/12/2014,MIN,DET,1470.735,1505.919
10/12/2014,OAK,LAC,1306.606,1623.902
10/12/2014,NYJ,DEN,1405.156,1650.953
10/12/2014,TEN,JAX,1425.417,1288.126
10/12/2014,PHI,NYG,1559.984,1516.267
10/12/2014,TB,BAL,1401.262,1553.614
10/12/2014,BUF,NE,1478.944,1614.608
10/12/2014,CLE,PIT,1400.441,1546.697
10/12/2014,ATL,CHI,1447.324,1480.317
10/12/2014,SEA,DAL,1683.944,1567.535
10/12/2014,CIN,CAR,1583.261,1547.332
10/13/2014,LAR,SF,1453.143,1626.312
10/16/2014,NE,NYJ,1636.082,1392.093
10/19/2014,OAK,ARI,1301.889,1586.037
10/19/2014,DAL,NYG,1601.062,1494.138
10/19/2014,DEN,SF,1664.016,1644.337
10/19/2014,GB,CAR,1563.795,1551.642
10/19/2014,JAX,CLE,1283.34,1439.91
10/19/2014,LAC,KC,1628.619,1527.645
10/19/2014,WSH,TEN,1348.155,1430.203
10/19/2014,DET,NO,1535.721,1540.716
10/19/2014,IND,CIN,1582.8,1578.952
10/19/2014,BUF,MIN,1457.471,1440.933
10/19/2014,LAR,SEA,1435.118,1650.417
10/19/2014,BAL,ATL,1578.74,1417.32
10/19/2014,CHI,MIA,1510.321,1455.717
10/20/2014,PIT,HOU,1507.228,1415.1
10/23/2014,DEN,LAC,1687.891,1606.961
10/26/2014,KC,LAR,1549.303,1451.714
10/26/2014,NE,CHI,1638.865,1473.169
10/26/2014,NO,GB,1535.122,1587.134
10/26/2014,JAX,MIA,1321.978,1492.87
10/26/2014,NYJ,BUF,1389.31,1462.614
10/26/2014,ARI,PHI,1596.012,1582.113
10/26/2014,CLE,OAK,1401.271,1291.914
10/26/2014,CIN,BAL,1552.961,1590.884
10/26/2014,CAR,SEA,1528.303,1633.82
10/26/2014,DET,ATL,1541.315,1405.175
10/26/2014,TEN,HOU,1418.588,1403.916
10/26/2014,TB,MIN,1376.137,1435.789
10/26/2014,PIT,IND,1518.412,1608.79
10/27/2014,DAL,WSH,1613.116,1359.769
10/30/2014,CAR,NO,1514.335,1564.703
11/2/2014,NE,DEN,1651.635,1703.206
11/2/2014,SEA,OAK,1647.789,1279.995
11/2/2014,PIT,BAL,1549.786,1578.255
11/2/2014,MIN,WSH,1455.596,1387.715
11/2/2014,KC,NYJ,1566.786,1359.704
11/2/2014,HOU,PHI,1438.347,1570.045
11/2/2014,DAL,ARI,1585.17,1608.08
11/2/2014,CLE,TB,1413.19,1356.33
11/2/2014,CIN,JAX,1565.59,1303.781
11/2/2014,MIA,LAC,1511.067,1591.646
11/2/2014,SF,LAR,1620.463,1434.231
11/3/2014,NYG,IND,1482.085,1577.417
11/6/2014,CIN,CLE,1571.112,1424.445
11/9/2014,ARI,LAR,1636.468,1459.566
11/9/2014,BAL,TEN,1551.444,1384.158
11/9/2014,OAK,DEN,1277.508,1673.245
11/9/2014,TB,ATL,1345.075,1401.082
11/9/2014,NYJ,PIT,1351.377,1576.596
11/9/2014,NO,SF,1595.592,1595.128
11/9/2014,DET,MIA,1545.408,1549.344
11/9/2014,DAL,JAX,1556.783,1298.259
11/9/2014,BUF,KC,1492.22,1575.113
11/9/2014,GB,CHI,1557.553,1460.399
11/9/2014,SEA,NYG,1650.276,1456.571
11/10/2014,PHI,CAR,1588.904,1483.445
11/13/2014,MIA,BUF,1536.409,1477.077
11/16/2014,NO,CIN,1578.643,1518.32
11/16/2014,LAC,OAK,1553.369,1270.252
11/16/2014,ARI,DET,1646.833,1558.344
11/16/2014,CAR,ATL,1467.155,1425.782
11/16/2014,CHI,MIN,1440.75,1463.9
11/16/2014,CLE,HOU,1477.237,1419.487
11/16/2014,IND,NE,1602.93,1681.595
11/16/2014,GB,PHI,1577.202,1605.194
11/16/2014,KC,SEA,1590.256,1660.456
11/16/2014,NYG,SF,1446.391,1612.077
11/16/2014,WSH,TB,1379.411,1320.375
11/16/2014,LAR,DEN,1449.202,1680.502
11/17/2014,TEN,PIT,1373.969,1544.502
11/20/2014,OAK,KC,1265.986,1606.63
11/23/2014,IND,JAX,1572.994,1289.332
11/23/2014,ATL,CLE,1440.755,1437.05
11/23/2014,SEA,ARI,1644.082,1658.846
11/23/2014,PHI,TEN,1574.194,1364.639
11/23/2014,NYG,DAL,1433.03,1565.71
11/23/2014,DEN,MIA,1637.157,1552.812
11/23/2014,MIN,GB,1444.922,1608.202
11/23/2014,SF,WSH,1625.438,1336.094
11/23/2014,LAC,LAR,1557.635,1492.546
11/23/2014,HOU,CIN,1459.675,1559.57
11/23/2014,NE,DET,1711.532,1546.33
11/23/2014,CHI,TB,1459.727,1363.692
11/24/2014,BUF,NYJ,1460.674,1383.472
11/24/2014,NO,BAL,1537.394,1561.633
11/27/2014,DET,CHI,1533.945,1471.337
11/27/2014,SF,SEA,1628.629,1667.804
11/27/2014,DAL,PHI,1576.572,1583.289
11/30/2014,MIN,CAR,1435.309,1452.183
11/30/2014,LAR,OAK,1484.141,1296.535
11/30/2014,BAL,LAC,1585.294,1566.04
11/30/2014,TB,CIN,1352.082,1579.967
11/30/2014,PIT,NO,1553.831,1513.732
11/30/2014,KC,DEN,1576.08,1644.879
11/30/2014,JAX,NYG,1283.105,1422.168
11/30/2014,HOU,TEN,1439.278,1355.545
11/30/2014,GB,NE,1617.816,1723.917
11/30/2014,IND,WSH,1579.22,1332.903
11/30/2014,BUF,CLE,1481.278,1450.604
11/30/2014,ATL,ARI,1427.201,1635.124
12/1/2014,NYJ,MIA,1362.868,1545.09
12/4/2014,CHI,DAL,1453.624,1538.501
12/7/2014,CLE,IND,1430.746,1587.066
12/7/2014,ARI,KC,1598.193,1550.023
12/7/2014,DEN,BUF,1670.936,1501.136
12/7/2014,OAK,SF,1283.047,1597.833
12/7/2014,PHI,SEA,1621.36,1698.6
12/7/2014,TEN,NYG,1337.567,1413.489
12/7/2014,NO,CAR,1532.565,1427.335
12/7/2014,LAC,NE,1574.961,1703.509
12/7/2014,WSH,LAR,1325.057,1497.63
12/7/2014,MIA,BAL,1553.973,1576.372
12/7/2014,JAX,HOU,1291.785,1457.256
12/7/2014,MIN,NYJ,1460.157,1353.986
12/7/2014,CIN,PIT,1583.599,1534.998
12/7/2014,DET,TB,1551.658,1348.45
12/8/2014,GB,ATL,1638.224,1464.131
12/11/2014,LAR,ARI,1519.109,1607.229
12/14/2014,KC,OAK,1540.987,1328.354
12/14/2014,LAC,DEN,1556.63,1678.662
12/14/2014,NYG,WSH,1446.269,1303.578
12/14/2014,PHI,DAL,1598.353,1563.16
12/14/2014,TEN,NYJ,1304.787,1344.17
12/14/2014,BAL,JAX,1608.095,1273.174
12/14/2014,DET,MIN,1560.725,1469.973
12/14/2014,SEA,SF,1721.606,1552.526
12/14/2014,ATL,PIT,1457.054,1577.885
12/14/2014,BUF,GB,1493.41,1645.301
12/14/2014,CAR,TB,1481.96,1339.383
12/14/2014,CLE,CIN,1425.801,1540.713
12/14/2014,IND,HOU,1592.011,1475.866
12/14/2014,NE,MIA,1721.84,1522.25
12/15/2014,CHI,NO,1428.964,1477.94
12/18/2014,JAX,TEN,1269.792,1285.324
12/20/2014,SF,LAC,1543.585,1535.696
12/20/2014,WSH,PHI,1293.031,1565.012
12/21/2014,CHI,DET,1399.109,1566.67
12/21/2014,CAR,CLE,1486.626,1397.013
12/21/2014,TB,GB,1334.718,1616.821
12/21/2014,LAR,NYG,1501.132,1456.817
12/21/2014,PIT,KC,1594.933,1549.784
12/21/2014,NYJ,NE,1363.633,1732.601
12/21/2014,OAK,BUF,1319.557,1521.89
12/21/2014,HOU,BAL,1465.852,1611.477
12/21/2014,MIA,MIN,1511.489,1464.027
12/21/2014,DAL,IND,1596.502,1602.026
12/21/2014,ARI,SEA,1625.206,1730.548
12/21/2014,NO,ATL,1507.796,1440.005
12/22/2014,CIN,DEN,1569.5,1699.596
12/28/2014,WSH,DAL,1316.505,1625.478
12/28/2014,SEA,LAR,1760.087,1468.212
12/28/2014,TEN,IND,1266.874,1573.049
12/28/2014,TB,NO,1322.998,1466.649
12/28/2014,SF,ARI,1526.282,1595.668
12/28/2014,BAL,CLE,1578.782,1388.258
12/28/2014,PIT,CIN,1609.438,1597.622
12/28/2014,NYG,PHI,1489.736,1541.537
12/28/2014,NE,BUF,1734.404,1505.768
12/28/2014,MIN,CHI,1456.845,1385.851
12/28/2014,MIA,NYJ,1518.671,1361.829
12/28/2014,HOU,JAX,1498.547,1288.242
12/28/2014,GB,DET,1628.54,1579.929
12/28/2014,KC,LAC,1535.28,1552.999
12/28/2014,DEN,OAK,1671.473,1335.679
12/28/2014,ATL,CAR,1481.151,1495.381
1/3/2015,CAR,ARI,1536.004,1581.602
1/3/2015,PIT,BAL,1627.567,1586.808
1/4/2015,DAL,DET,1637.303,1564.328
1/4/2015,IND,CIN,1583.452,1579.493
1/10/2015,SEA,CAR,1765.381,1559.262
1/10/2015,NE,BAL,1691.589,1622.719
1/11/2015,GB,DAL,1644.141,1646.731
1/11/2015,DEN,IND,1676.874,1605.541
1/18/2015,NE,IND,1701.188,1641.924
1/18/2015,SEA,GB,1773.75,1658.467
2/1/2015,NE,SEA,1723.965,1783.159
9/10/2015,NE,PIT,1663.864,1562.771
9/13/2015,NYJ,CLE,1440.153,1421.821
9/13/2015,LAR,SEA,1476.945,1677.552
9/13/2015,JAX,CAR,1356.572,1535.596
9/13/2015,CHI,GB,1419.227,1601.039
9/13/2015,WSH,MIA,1371.453,1483.514
9/13/2015,HOU,KC,1504.621,1539.663
9/13/2015,BUF,IND,1534.055,1581.097
9/13/2015,LAC,DET,1522.523,1538.267
9/13/2015,ARI,NO,1540.563,1486.37
9/13/2015,OAK,CIN,1388.519,1539.936
9/13/2015,TB,TEN,1376.729,1339.314
9/13/2015,DEN,BAL,1595.327,1577.08
9/13/2015,DAL,NYG,1589.936,1479.528
9/14/2015,ATL,PHI,1462.019,1544.655
9/14/2015,SF,MIN,1528.565,1479.237
9/17/2015,KC,DEN,1562.55777,1609.668179
9/20/2015,NYG,ATL,1476.099497,1473.655589
9/20/2015,CAR,HOU,1551.734189,1481.72623
9/20/2015,BUF,NE,1558.880089,1674.600875
9/20/2015,PIT,SF,1552.034125,1547.312389
9/20/2015,MIN,DET,1460.489611,1523.20982
9/20/2015,CHI,ARI,1405.124559,1556.85981
9/20/2015,NO,TB,1470.07319,1331.292809
9/20/2015,WSH,LAR,1353.835011,1497.208827
9/20/2015,CIN,LAC,1562.090782,1537.58018
9/20/2015,CLE,TEN,1399.048032,1384.750191
9/20/2015,OAK,BAL,1366.364218,1562.738821
9/20/2015,JAX,MIA,1340.433811,1501.131989
9/20/2015,PHI,DAL,1533.018411,1593.364503
9/20/2015,GB,SEA,1615.141441,1657.288173
9/21/2015,IND,NYJ,1556.271911,1462.925968
9/24/2015,NYG,WSH,1456.312969,1388.145004
9/27/2015,MIN,LAC,1484.286561,1524.703167
9/27/2015,TEN,IND,1364.47611,1515.702622
9/27/2015,DAL,ATL,1617.716149,1493.442117
9/27/2015,NE,JAX,1692.964696,1358.821303
9/27/2015,NYJ,PHI,1503.495257,1508.666765
9/27/2015,CAR,NO,1564.07449,1435.069652
9/27/2015,LAR,PIT,1462.898834,1577.36063
9/27/2015,BAL,CIN,1539.441902,1574.967795
9/27/2015,HOU,TB,1469.385929,1366.296348
9/27/2015,CLE,OAK,1419.322113,1389.661137
9/27/2015,ARI,SF,1580.538456,1521.985884
9/27/2015,MIA,BUF,1482.744497,1540.516269
9/27/2015,SEA,CHI,1635.114549,1381.445913
9/27/2015,DET,DEN,1499.412869,1631.711611
9/28/2015,GB,KC,1637.315065,1540.514338
10/1/2015,PIT,BAL,1593.700683,1521.748404
10/4/2015,MIA,NYJ,1448.617176,1478.474585
10/4/2015,ATL,HOU,1534.131747,1481.654213
10/4/2015,BUF,NYG,1574.64359,1471.1784
10/4/2015,TB,CAR,1354.028064,1572.195608
10/4/2015,CIN,KC,1592.661293,1527.888085
10/4/2015,WSH,PHI,1373.279572,1533.687437
10/4/2015,CHI,OAK,1373.516759,1417.168553
10/4/2015,IND,JAX,1523.703267,1353.325157
10/4/2015,LAC,CLE,1498.138021,1391.814697
10/4/2015,DEN,MIN,1651.8383,1510.851707
10/4/2015,ARI,LAR,1603.697506,1446.558782
10/4/2015,SF,GB,1498.826834,1649.941318
10/4/2015,NO,DAL,1426.948533,1577.026519
10/5/2015,SEA,DET,1643.043703,1479.28618
10/8/2015,HOU,IND,1460.327471,1528.839316
10/11/2015,ATL,WSH,1555.458489,1391.65329
10/11/2015,TB,JAX,1339.200678,1348.189108
10/11/2015,BAL,CLE,1542.074709,1384.826854
10/11/2015,GB,LAR,1669.67157,1465.676587
10/11/2015,TEN,BUF,1356.475465,1532.116421
10/11/2015,PHI,NO,1515.313718,1452.050387
10/11/2015,KC,CHI,1511.055069,1383.729584
10/11/2015,CIN,SEA,1609.494309,1648.351533
10/11/2015,DET,ARI,1473.978351,1584.579701
10/11/2015,OAK,DEN,1406.955727,1657.77119
10/11/2015,DAL,NE,1551.924665,1698.460842
10/11/2015,NYG,SF,1513.70557,1479.096582
10/12/2015,LAC,PIT,1505.125864,1573.374377
10/15/2015,NO,ATL,1432.889231,1562.907211
10/18/2015,BUF,CIN,1536.682631,1622.165527
10/18/2015,MIN,KC,1504.918817,1499.637694
10/18/2015,TEN,MIA,1351.909255,1424.812023
10/18/2015,NYJ,WSH,1502.279738,1384.204568
10/18/2015,DET,CHI,1446.224567,1395.146959
10/18/2015,PIT,ARI,1589.294771,1612.333485
10/18/2015,JAX,HOU,1331.152065,1439.776042
10/18/2015,CLE,DEN,1408.955469,1666.93933
10/18/2015,SEA,CAR,1635.680315,1587.022995
10/18/2015,GB,LAC,1678.132012,1489.205471
10/18/2015,SF,BAL,1469.535575,1517.946094
10/18/2015,IND,NE,1549.390744,1722.346004
10/19/2015,PHI,NYG,1534.474874,1523.266577
10/22/2015,SF,SEA,1486.470582,1613.347275
10/25/2015,JAX,BUF,1309.829557,1512.075206
10/25/2015,DET,MIN,1455.149966,1520.012278
10/25/2015,NE,NYJ,1736.199581,1515.203963
10/25/2015,TEN,ATL,1319.119874,1533.627244
10/25/2015,WSH,TB,1371.280343,1356.237721
10/25/2015,KC,PIT,1484.544233,1611.439075
10/25/2015,IND,NO,1535.537167,1462.169199
10/25/2015,MIA,HOU,1457.601404,1461.09855
10/25/2015,LAR,CLE,1457.216145,1402.641558
10/25/2015,LAC,OAK,1482.188203,1397.787588
10/25/2015,NYG,DAL,1500.19354,1528.039503
10/25/2015,CAR,PHI,1609.356034,1557.547911
10/26/2015,ARI,BAL,1590.189181,1501.011087
10/29/2015,NE,MIA,1742.147402,1481.226864
11/1/2015,KC,DET,1513.566879,1432.113548
11/1/2015,NO,NYG,1490.792971,1518.464125
11/1/2015,HOU,TEN,1437.47309,1311.403908
11/1/2015,BAL,LAC,1489.035197,1449.060265
11/1/2015,PIT,CIN,1582.416428,1646.772952
11/1/2015,ATL,TB,1541.34321,1351.063711
11/1/2015,CHI,MIN,1386.22156,1543.048696
11/1/2015,CLE,ARI,1383.963995,1602.165071
11/1/2015,LAR,SF,1475.893708,1463.312092
11/1/2015,OAK,NYJ,1430.915525,1509.256142
11/1/2015,DAL,SEA,1509.768918,1636.505764
11/1/2015,DEN,GB,1673.253241,1685.14928
11/2/2015,CAR,IND,1625.305167,1506.913395
11/5/2015,CIN,CLE,1666.273797,1369.138844
11/8/2015,NE,WSH,1750.017259,1376.454353
11/8/2015,NYJ,JAX,1480.964774,1333.098529
11/8/2015,NO,TEN,1502.965629,1298.957518
11/8/2015,CAR,GB,1631.911471,1660.334457
11/8/2015,MIN,LAR,1552.918693,1499.192752
11/8/2015,BUF,MIA,1488.806234,1473.357007
11/8/2015,PIT,OAK,1562.915583,1459.206894
11/8/2015,SF,ATL,1440.013048,1515.843685
11/8/2015,TB,NYG,1376.563237,1506.291467
11/8/2015,IND,DEN,1500.307091,1698.068064
11/8/2015,DAL,PHI,1504.21225,1541.598778
11/9/2015,LAC,CHI,1439.709129,1376.351562
11/12/2015,NYJ,BUF,1488.38156,1509.920695
11/15/2015,TEN,CAR,1335.52475,1651.257406
11/15/2015,TB,DAL,1355.101775,1482.942863
11/15/2015,BAL,JAX,1498.386334,1325.681743
11/15/2015,LAR,CHI,1490.367177,1396.277692
11/15/2015,GB,DET,1640.988521,1405.513841
11/15/2015,PHI,MIA,1562.868165,1452.242545
11/15/2015,PIT,CLE,1569.98809,1363.267806
11/15/2015,WSH,NO,1372.88022,1466.398397
11/15/2015,OAK,MIN,1452.134386,1561.744268
11/15/2015,DEN,KC,1677.936612,1540.166587
11/15/2015,NYG,NE,1527.752929,1753.591391
11/15/2015,SEA,ARI,1642.062432,1616.990222
11/16/2015,CIN,HOU,1672.144835,1449.91948
11/19/2015,JAX,TEN,1345.317687,1325.611607
11/22/2015,MIA,DAL,1463.288852,1463.410895
11/22/2015,PHI,TB,1551.821859,1374.633743
11/22/2015,DET,OAK,1427.128538,1427.911346
11/22/2015,CAR,WSH,1661.170549,1411.532894
11/22/2015,BAL,LAR,1478.75039,1440.805831
11/22/2015,CHI,DEN,1445.839038,1630.334464
11/22/2015,ATL,IND,1508.660846,1520.438543
11/22/2015,HOU,NYJ,1480.994138,1467.828234
11/22/2015,LAC,KC,1419.782999,1587.768735
11/22/2015,SEA,SF,1614.881882,1447.195887
11/22/2015,MIN,GB,1585.967309,1619.373824
11/22/2015,ARI,CIN,1644.170772,1641.070177
11/23/2015,NE,BUF,1757.257211,1530.474021
11/26/2015,DET,PHI,1441.35629,1491.185531
11/26/2015,DAL,CAR,1492.679324,1669.448326
11/26/2015,GB,CHI,1651.357947,1438.86782
11/29/2015,KC,BUF,1611.124374,1524.7039
11/29/2015,IND,TB,1536.804567,1435.270072
11/29/2015,CIN,LAR,1630.225909,1431.375594
11/29/2015,WSH,NYG,1403.255116,1524.08711
11/29/2015,JAX,LAC,1359.575441,1396.42736
11/29/2015,NYJ,MIA,1452.190383,1434.020422
11/29/2015,HOU,NO,1496.631989,1427.745723
11/29/2015,ATL,MIN,1492.294823,1553.983186
11/29/2015,TEN,OAK,1311.353853,1413.683593
11/29/2015,SF,ARI,1436.55752,1655.01504
11/29/2015,SEA,PIT,1625.520248,1579.510254
11/29/2015,DEN,NE,1637.305682,1763.027332
11/30/2015,CLE,BAL,1353.745642,1488.180627
12/3/2015,DET,GB,1474.274302,1620.724311
12/6/2015,TEN,JAX,1299.181235,1338.270683
12/6/2015,BUF,HOU,1512.578696,1514.191379
12/6/2015,NYG,NYJ,1500.940197,1473.897303
12/6/2015,TB,ATL,1421.671245,1468.050824
12/6/2015,CLE,CIN,1338.602421,1640.551755
12/6/2015,MIA,BAL,1412.313502,1503.323847
12/6/2015,CHI,SF,1469.501457,1425.916963
12/6/2015,MIN,SEA,1578.227185,1640.665382
12/6/2015,LAR,ARI,1421.049748,1665.655598
12/6/2015,OAK,KC,1425.856211,1623.249578
12/6/2015,LAC,DEN,1417.732118,1660.779351
12/6/2015,NO,CAR,1410.186333,1689.089837
12/6/2015,NE,PHI,1739.553662,1458.267519
12/6/2015,PIT,IND,1564.365121,1550.403393
12/7/2015,WSH,DAL,1426.402029,1473.037814
12/10/2015,ARI,MIN,1681.26907,1543.273584
12/13/2015,PHI,BUF,1501.707439,1530.921141
12/13/2015,BAL,SEA,1491.375531,1675.618983
12/13/2015,LAR,DET,1405.436276,1462.327625
12/13/2015,TB,NO,1436.776045,1404.476822
12/13/2015,CIN,PIT,1653.620993,1591.229228
12/13/2015,CAR,ATL,1694.799348,1452.946024
12/13/2015,NYJ,TEN,1492.111287,1311.862882
12/13/2015,CHI,WSH,1442.835187,1411.684166
12/13/2015,CLE,SF,1325.533184,1452.583233
12/13/2015,KC,LAC,1639.504678,1404.500666
12/13/2015,JAX,IND,1325.589036,1523.539286
12/13/2015,DEN,OAK,1674.010803,1409.601112
12/13/2015,GB,DAL,1632.670988,1487.755677
12/13/2015,HOU,NE,1495.848934,1696.113742
12/14/2015,MIA,NYG,1424.261818,1482.726213
12/17/2015,LAR,TB,1425.670888,1409.080901
12/19/2015,DAL,NYJ,1474.775992,1503.167196
12/20/2015,BAL,KC,1469.770131,1645.030136
12/20/2015,NYG,CAR,1503.97487,1704.186978
12/20/2015,JAX,ATL,1377.650863,1443.558395
12/20/2015,IND,HOU,1471.477458,1477.525948
12/20/2015,WSH,BUF,1430.09314,1518.680187
12/20/2015,NE,TEN,1714.436728,1300.806973
12/20/2015,MIN,CHI,1537.254605,1424.426213
12/20/2015,SEA,CLE,1697.224383,1358.324195
12/20/2015,OAK,GB,1437.952964,1645.650673
12/20/2015,SF,CIN,1419.792222,1615.77395
12/20/2015,LAC,MIA,1398.975208,1403.013161
12/20/2015,PIT,DEN,1629.07627,1645.658951
12/20/2015,PHI,ARI,1513.948393,1687.288049
12/21/2015,NO,DET,1432.171966,1442.093013
12/24/2015,OAK,LAC,1424.196081,1421.755264
12/26/2015,PHI,WSH,1492.809672,1455.974992
12/27/2015,ATL,CAR,1462.958664,1712.406505
12/27/2015,BAL,PIT,1449.681799,1646.605683
12/27/2015,TEN,HOU,1297.96812,1500.881302
12/27/2015,DET,SF,1468.172553,1405.310202
12/27/2015,MIA,IND,1380.233105,1448.122104
12/27/2015,NYJ,NE,1518.744691,1717.275581
12/27/2015,KC,CLE,1665.118468,1353.973924
12/27/2015,BUF,DAL,1492.798335,1459.198497
12/27/2015,TB,CHI,1392.780233,1409.308075
12/27/2015,NO,JAX,1406.092426,1358.250593
12/27/2015,ARI,GB,1708.426771,1659.407556
12/27/2015,SEA,LAR,1701.574654,1441.971556
12/27/2015,MIN,NYG,1552.372742,1495.755343
12/28/2015,DEN,CIN,1628.129538,1630.25597
1/3/2016,BUF,NYJ,1509.404939,1547.05306
1/3/2016,CLE,PIT,1351.144946,1626.513216
1/3/2016,ATL,NO,1496.688218,1422.31129
1/3/2016,NYG,PHI,1473.768447,1456.322592
1/3/2016,DAL,WSH,1442.591893,1492.462072
1/3/2016,CIN,BAL,1619.190925,1469.774267
1/3/2016,MIA,NE,1360.961114,1688.967212
1/3/2016,HOU,JAX,1520.611504,1342.031729
1/3/2016,CHI,DET,1430.168957,1485.145373
1/3/2016,IND,TEN,1467.394096,1278.237918
1/3/2016,SF,LAR,1388.337383,1481.521574
1/3/2016,KC,OAK,1667.947446,1435.0681
1/3/2016,ARI,SEA,1730.729199,1662.024636
1/3/2016,DEN,LAC,1639.194583,1410.883246
1/3/2016,CAR,TB,1678.676952,1371.919351
1/3/2016,GB,MIN,1637.105127,1574.359638
1/9/2016,HOU,KC,1532.057145,1673.176453
1/9/2016,CIN,PIT,1628.217693,1638.384142
1/10/2016,MIN,SEA,1604.205952,1712.001008
1/10/2016,WSH,GB,1518.572124,1607.258814
1/16/2016,NE,KC,1644.321103,1699.210187
1/16/2016,ARI,GB,1680.752828,1633.908121
1/17/2016,CAR,SEA,1684.741558,1717.966943
1/17/2016,DEN,PIT,1644.918541,1651.414658
1/24/2016,CAR,ARI,1703.370453,1693.50712
1/24/2016,DEN,NE,1661.795356,1664.418176
2/7/2016,DEN,CAR,1670.580898,1730.457737
9/8/2016,DEN,CAR,1637.113158,1633.579265
9/11/2016,NO,OAK,1463.500031,1454.892729
9/11/2016,KC,LAC,1621.075409,1438.439525
9/11/2016,TEN,MIN,1349.452615,1567.160011
9/11/2016,JAX,GB,1388.724059,1582.435886
9/11/2016,NYJ,CIN,1522.163909,1578.458118
9/11/2016,ATL,TB,1485.832974,1412.236496
9/11/2016,PHI,CLE,1487.849378,1394.516013
9/11/2016,HOU,CHI,1505.682274,1444.023061
9/11/2016,BAL,BUF,1475.498332,1518.80809
9/11/2016,SEA,MIA,1634.558698,1438.738148
9/11/2016,IND,DET,1484.302061,1502.853159
9/11/2016,DAL,NYG,1445.987894,1468.877982
9/11/2016,ARI,NE,1612.613224,1605.421756
9/12/2016,WSH,PIT,1496.281878,1591.358562
9/12/2016,SF,LAR,1437.344601,1479.228037
9/15/2016,BUF,NYJ,1500.740369,1515.030562
9/18/2016,NYG,NO,1476.797051,1454.831622
9/18/2016,CLE,BAL,1378.491453,1493.566054
9/18/2016,NE,MIA,1619.107407,1435.158797
9/18/2016,CAR,SF,1628.166234,1468.453557
9/18/2016,DET,TEN,1521.479744,1336.819172
9/18/2016,PIT,CIN,1619.619578,1585.591465
9/18/2016,WSH,DAL,1468.020862,1438.068825
9/18/2016,HOU,KC,1519.851305,1627.854663
9/18/2016,ARI,TB,1598.927573,1442.84037
9/18/2016,LAR,SEA,1448.119081,1638.138049
9/18/2016,OAK,ATL,1463.561137,1455.2291
9/18/2016,DEN,IND,1642.526189,1465.675476
9/18/2016,LAC,JAX,1431.660272,1378.907771
9/18/2016,MIN,GB,1579.793454,1592.252174
9/19/2016,CHI,PHI,1429.85403,1503.873937
9/22/2016,NE,HOU,1626.303972,1543.672081
9/25/2016,CAR,MIN,1639.867791,1591.30097
9/25/2016,BUF,ARI,1477.935469,1612.949698
9/25/2016,JAX,BAL,1358.330406,1508.577312
9/25/2016,GB,DET,1580.744658,1508.844396
9/25/2016,NYG,WSH,1486.862808,1446.714746
9/25/2016,MIA,CLE,1427.962233,1363.480195
9/25/2016,CIN,DEN,1570.401369,1652.239463
9/25/2016,TEN,OAK,1349.45452,1437.575581
9/25/2016,SEA,SF,1610.387258,1456.752001
9/25/2016,TB,LAR,1428.818244,1475.869872
9/25/2016,PHI,PIT,1530.769911,1634.809674
9/25/2016,KC,NYJ,1604.033887,1537.835462
9/25/2016,IND,LAC,1455.962202,1452.237637
9/25/2016,DAL,CHI,1459.374941,1402.958056
9/26/2016,NO,ATL,1444.765865,1481.214657
9/29/2016,CIN,MIA,1546.179366,1439.791214
10/2/2016,JAX,IND,1350.298256,1468.521575
10/2/2016,ATL,CAR,1510.144506,1604.283676
10/2/2016,WSH,CLE,1461.641194,1351.651214
10/2/2016,NE,BUF,1645.006625,1512.266757
10/2/2016,BAL,OAK,1516.609462,1456.786317
10/2/2016,HOU,TEN,1524.969428,1330.243784
10/2/2016,CHI,DET,1385.914564,1496.605915
10/2/2016,NYJ,SEA,1519.184766,1622.443485
10/2/2016,TB,DEN,1409.82087,1676.461466
10/2/2016,LAC,NO,1439.678263,1415.836016
10/2/2016,SF,DAL,1444.695773,1476.418432
10/2/2016,ARI,LAR,1578.618411,1494.867247
10/2/2016,PIT,KC,1595.578155,1622.684582
10/3/2016,MIN,NYG,1626.885085,1471.93636
10/6/2016,SF,ARI,1421.565875,1554.387303
10/9/2016,DET,PHI,1480.597821,1570.00143
10/9/2016,CLE,NE,1339.336303,1597.852882
10/9/2016,BAL,WSH,1506.729013,1473.956105
10/9/2016,MIN,HOU,1637.713627,1531.782406
10/9/2016,PIT,NYJ,1625.381853,1498.200614
10/9/2016,MIA,TEN,1425.819707,1323.430806
10/9/2016,IND,CHI,1449.070162,1401.922658
10/9/2016,DEN,ATL,1689.766414,1540.593607
10/9/2016,OAK,LAC,1466.666766,1430.647306
10/9/2016,DAL,CIN,1499.548331,1560.150872
10/9/2016,LAR,BUF,1519.098354,1559.4205
10/9/2016,GB,NYG,1592.983138,1461.107818
10/10/2016,CAR,TB,1573.834575,1396.515922
10/13/2016,LAC,DEN,1421.14172,1654.090142
10/16/2016,NO,CAR,1424.866973,1548.86559
10/16/2016,BUF,SF,1586.333487,1401.479877
10/16/2016,DET,LAR,1488.098557,1492.185367
10/16/2016,TEN,CLE,1364.781913,1325.504997
10/16/2016,CHI,JAX,1389.184605,1369.749669
10/16/2016,WSH,PHI,1499.90433,1562.500694
10/16/2016,NYG,BAL,1451.810773,1480.780788
10/16/2016,MIA,PIT,1384.468599,1638.843553
10/16/2016,NE,CIN,1611.684188,1533.466445
10/16/2016,OAK,KC,1476.172352,1592.880884
10/16/2016,SEA,ATL,1643.427637,1576.269878
10/16/2016,GB,DAL,1602.280183,1526.232758
10/16/2016,HOU,IND,1516.913609,1461.808215
10/17/2016,ARI,NYJ,1574.473301,1484.738915
10/20/2016,GB,CHI,1562.20308,1380.25844
10/23/2016,LAR,NYG,1481.036981,1466.009543
10/23/2016,PHI,MIN,1541.872674,1652.582424
10/23/2016,MIA,BUF,1429.877857,1598.050644
10/23/2016,TEN,IND,1372.21403,1453.034368
10/23/2016,CIN,CLE,1516.612848,1318.07288
10/23/2016,DET,WSH,1499.246944,1520.53235
10/23/2016,KC,NO,1616.472731,1441.507906
10/23/2016,JAX,OAK,1378.675835,1452.580506
10/23/2016,NYJ,BAL,1467.025225,1466.582018
10/23/2016,ATL,LAC,1569.66868,1455.609887
10/23/2016,SF,TB,1389.76272,1421.484906
10/23/2016,PIT,NE,1593.434295,1628.537786
10/23/2016,ARI,SEA,1592.186991,1650.028835
10/24/2016,DEN,HOU,1619.621975,1525.687456
10/27/2016,TEN,JAX,1351.391328,1350.626281
10/30/2016,CIN,WSH,1525.313849,1508.640794
10/30/2016,CAR,ARI,1532.224658,1591.872858
10/30/2016,HOU,DET,1509.980123,1511.1385
10/30/2016,IND,KC,1473.85707,1623.518678
10/30/2016,BUF,NE,1579.30899,1655.891549
10/30/2016,TB,OAK,1453.634934,1480.630059
10/30/2016,NO,SEA,1434.461959,1650.342968
10/30/2016,CLE,NYJ,1309.371879,1484.390463
10/30/2016,DEN,LAC,1635.329308,1477.856173
10/30/2016,ATL,GB,1547.422395,1572.108062
10/30/2016,DAL,PHI,1566.309861,1570.568448
10/31/2016,CHI,MIN,1370.353458,1623.88665
11/3/2016,TB,ATL,1431.676379,1553.442847
11/6/2016,BAL,PIT,1449.21678,1566.080532
11/6/2016,KC,JAX,1644.281432,1329.250405
11/6/2016,MIA,NYJ,1448.61951,1493.546761
11/6/2016,MIN,DET,1584.678444,1494.602504
11/6/2016,CLE,DAL,1300.215581,1581.96887
11/6/2016,NYG,PHI,1487.852005,1554.909439
11/6/2016,SF,NO,1357.612693,1461.564527
11/6/2016,LAR,CAR,1459.194518,1555.77698
11/6/2016,GB,IND,1566.087609,1453.094317
11/6/2016,LAC,TEN,1469.178486,1372.767205
11/6/2016,OAK,DEN,1502.588613,1644.006995
11/7/2016,SEA,BUF,1623.2404,1552.06446
11/10/2016,BAL,CLE,1473.668891,1286.982221
11/13/2016,NO,DEN,1487.266533,1613.787625
11/13/2016,NYJ,LAR,1478.518305,1446.766689
11/13/2016,TEN,GB,1361.177068,1537.396268
11/13/2016,PHI,ATL,1536.86887,1576.0941
11/13/2016,TB,CHI,1409.025127,1409.561663
11/13/2016,WSH,MIN,1509.372027,1554.974313
11/13/2016,JAX,HOU,1326.168252,1526.516119
11/13/2016,CAR,KC,1568.204809,1647.363584
11/13/2016,LAC,MIA,1480.768623,1463.647966
11/13/2016,ARI,SF,1568.320535,1331.910687
11/13/2016,PIT,DAL,1541.62842,1595.202231
11/13/2016,NE,SEA,1683.136078,1634.729398
11/14/2016,NYG,CIN,1505.892574,1524.582616
11/17/2016,CAR,NO,1554.991537,1478.452151
11/20/2016,CLE,PIT,1276.43196,1523.025158
11/20/2016,DAL,BAL,1613.805493,1484.219152
11/20/2016,KC,TB,1660.576856,1435.171465
11/20/2016,NYG,CHI,1511.781613,1383.415326
11/20/2016,CIN,BUF,1518.693577,1540.575462
11/20/2016,DET,JAX,1524.306635,1317.953604
11/20/2016,MIN,ARI,1536.761096,1571.97688
11/20/2016,IND,TEN,1481.785658,1404.426258
11/20/2016,LAR,MIA,1465.20415,1490.261278
11/20/2016,SEA,PHI,1663.566641,1557.94276
11/20/2016,SF,NE,1328.254342,1654.298835
11/20/2016,WSH,GB,1527.585245,1494.147078
11/21/2016,OAK,HOU,1532.807983,1534.730767
11/24/2016,DET,MIN,1530.724655,1554.318427
11/24/2016,DAL,WSH,1624.643893,1547.990481
11/24/2016,IND,PIT,1493.733419,1536.349558
11/27/2016,MIA,SF,1508.529511,1319.665962
11/27/2016,ATL,ARI,1555.02021,1554.419548
11/27/2016,CHI,TEN,1374.568715,1392.478498
11/27/2016,NO,LAR,1470.458057,1446.935916
11/27/2016,HOU,LAC,1513.802982,1454.155311
11/27/2016,BAL,CIN,1473.380752,1500.250546
11/27/2016,CLE,NYG,1263.10756,1520.628224
11/27/2016,BUF,JAX,1559.018493,1311.535585
11/27/2016,TB,SEA,1456.480639,1676.132691
11/27/2016,OAK,CAR,1553.735769,1562.985632
11/27/2016,NYJ,NE,1460.080844,1662.887215
11/27/2016,DEN,KC,1622.602007,1639.267682
11/28/2016,PHI,GB,1545.37671,1473.741842
12/1/2016,MIN,DAL,1542.325564,1634.970907
12/4/2016,CIN,PHI,1484.563395,1505.69917
12/4/2016,CHI,SF,1352.005264,1312.646448
12/4/2016,BAL,MIA,1489.067903,1515.549025
12/4/2016,GB,HOU,1513.419381,1482.495715
12/4/2016,NO,DET,1494.754888,1542.717518
12/4/2016,NE,LAR,1673.390706,1422.639085
12/4/2016,ATL,KC,1578.681891,1655.401314
12/4/2016,JAX,DEN,1306.36455,1606.468375
12/4/2016,OAK,BUF,1565.105029,1564.189528
12/4/2016,LAC,TB,1485.462577,1491.597167
12/4/2016,ARI,WSH,1530.757866,1537.663467
12/4/2016,PIT,NYG,1569.586837,1532.989253
12/4/2016,SEA,CAR,1641.016163,1551.616372
12/5/2016,NYJ,IND,1449.577353,1460.49614
12/8/2016,KC,OAK,1662.063578,1586.4685
12/11/2016,IND,HOU,1501.513351,1467.111018
12/11/2016,TEN,DEN,1415.041949,1615.364437
12/11/2016,CAR,LAC,1532.415256,1460.510692
12/11/2016,JAX,MIN,1297.468487,1532.337277
12/11/2016,PHI,WSH,1480.455858,1519.802954
12/11/2016,BUF,PIT,1542.826057,1585.989598
12/11/2016,CLE,CIN,1250.746531,1509.806707
12/11/2016,MIA,ARI,1484.979815,1548.618379
12/11/2016,DET,CHI,1572.02892,1372.594469
12/11/2016,SF,NYJ,1292.057242,1408.560142
12/11/2016,TB,NO,1516.549052,1465.443487
12/11/2016,GB,SEA,1528.804078,1660.217278
12/11/2016,LAR,ATL,1415.715601,1572.019628
12/11/2016,NYG,DAL,1516.586492,1644.959195
12/12/2016,NE,BAL,1680.31419,1519.637113
12/15/2016,SEA,LAR,1618.938809,1391.690549
12/17/2016,NYJ,MIA,1424.776004,1498.779897
12/18/2016,CIN,PIT,1521.765042,1608.310784
12/18/2016,MIN,IND,1544.021917,1477.520868
12/18/2016,NYG,DET,1533.435736,1576.462714
12/18/2016,KC,TEN,1674.786837,1435.292555
12/18/2016,HOU,JAX,1491.103501,1285.783847
12/18/2016,BUF,CLE,1520.50487,1238.788197
12/18/2016,BAL,PHI,1511.553203,1460.990745
12/18/2016,CHI,GB,1368.160675,1570.082548
12/18/2016,ATL,SF,1596.044681,1275.84138
12/18/2016,ARI,NO,1534.818298,1453.908943
12/18/2016,DEN,NE,1595.113832,1688.3981
12/18/2016,LAC,OAK,1445.415057,1573.74524
12/18/2016,DAL,TB,1628.109951,1528.083596
12/19/2016,WSH,CAR,1539.268067,1547.510891
12/22/2016,PHI,NYG,1456.518298,1556.485142
12/24/2016,CHI,WSH,1360.002461,1509.630774
12/24/2016,NE,NYJ,1712.337213,1394.789179
12/24/2016,JAX,TEN,1283.633067,1457.027974
12/24/2016,CAR,ATL,1577.148184,1601.672526
12/24/2016,GB,MIN,1578.240761,1495.265358
12/24/2016,BUF,MIA,1526.797914,1528.766722
12/24/2016,CLE,LAC,1232.495153,1434.369382
12/24/2016,OAK,IND,1584.790915,1526.277428
12/24/2016,NO,TB,1485.019968,1517.987015
12/24/2016,LAR,SF,1383.134329,1270.213535
12/24/2016,SEA,ARI,1627.495029,1503.707272
12/24/2016,HOU,CIN,1493.254281,1506.81388
12/25/2016,PIT,BAL,1623.261946,1516.02565
12/25/2016,KC,DEN,1653.051418,1571.174719
12/26/2016,DAL,DET,1638.206532,1553.413308
1/1/2017,MIA,NE,1545.599698,1718.551517
1/1/2017,CIN,BAL,1497.656666,1507.947141
1/1/2017,IND,JAX,1512.572518,1325.971989
1/1/2017,MIN,CHI,1480.475804,1337.688188
1/1/2017,TEN,HOU,1414.689052,1502.411495
1/1/2017,TB,CAR,1499.375388,1544.287817
1/1/2017,PIT,CLE,1631.340454,1252.817835
1/1/2017,PHI,DAL,1476.551512,1655.388965
1/1/2017,NYJ,BUF,1388.574875,1509.964937
1/1/2017,SF,SEA,1281.311239,1604.816349
1/1/2017,WSH,NYG,1531.945047,1536.451929
1/1/2017,DEN,OAK,1553.27714,1598.495825
1/1/2017,ATL,NO,1634.532893,1503.631595
1/1/2017,LAC,KC,1414.0467,1670.948997
1/1/2017,LAR,ARI,1372.036624,1526.385953
1/1/2017,DET,GB,1536.230875,1593.030315
1/7/2017,HOU,OAK,1480.027864,1570.973515
1/7/2017,SEA,DET,1608.438288,1514.8661
1/8/2017,PIT,MIA,1633.006799,1525.006376
1/8/2017,GB,NYG,1614.39509,1564.21012
1/14/2017,ATL,SEA,1643.273433,1624.70622
1/14/2017,NE,HOU,1739.144839,1508.723994
1/15/2017,DAL,GB,1617.794683,1635.451172
1/15/2017,KC,PIT,1681.926463,1647.734179
1/22/2017,ATL,GB,1664.127266,1651.537731
1/22/2017,NE,PIT,1747.160321,1662.437215
2/5/2017,ATL,NE,1688.081418,1763.818168
9/7/2017,NE,KC,1687.395154,1613.148952
9/10/2017,DET,ARI,1500.732112,1536.821593
9/10/2017,CLE,PIT,1335.76766,1598.852911
9/10/2017,CHI,ATL,1383.934716,1617.20457
9/10/2017,CIN,BAL,1515.969638,1491.099567
9/10/2017,BUF,NYJ,1484.127683,1451.565526
9/10/2017,TEN,OAK,1459.715122,1529.85159
9/10/2017,HOU,JAX,1502.139008,1381.984201
9/10/2017,WSH,PHI,1504.457904,1511.097196
9/10/2017,LAR,IND,1398.793458,1513.712137
9/10/2017,GB,SEA,1586.722386,1570.901591
9/10/2017,SF,CAR,1353.459533,1526.877166
9/10/2017,DAL,NYG,1569.472083,1530.436026
9/11/2017,MIN,NO,1498.174613,1498.260704
9/11/2017,DEN,LAC,1555.532966,1437.046156
9/14/2017,CIN,HOU,1476.195532,1451.208768
9/17/2017,CAR,BUF,1547.121106,1500.142289
9/17/2017,NO,NE,1479.27082,1646.529757
9/17/2017,JAX,TEN,1432.914441,1436.145676
9/17/2017,PIT,MIN,1605.015234,1517.164496
9/17/2017,BAL,CLE,1530.873673,1329.605337
9/17/2017,IND,ARI,1471.180495,1513.606583
9/17/2017,KC,PHI,1654.014349,1542.718347
9/17/2017,TB,CHI,1505.564971,1373.987153
9/17/2017,OAK,NYJ,1553.421036,1435.55092
9/17/2017,LAC,MIA,1430.442797,1508.519331
9/17/2017,LAR,WSH,1441.3251,1472.836752
9/17/2017,SEA,SF,1554.550977,1333.215593
9/17/2017,DEN,DAL,1562.136326,1588.657952
9/17/2017,ATL,GB,1627.152133,1603.073
9/18/2017,NYG,DET,1511.250157,1523.947122
9/21/2017,SF,LAR,1329.257417,1418.180242
9/24/2017,JAX,BAL,1395.515757,1539.453663
9/24/2017,NYJ,MIA,1419.986634,1519.029689
9/24/2017,MIN,TB,1501.316293,1519.603469
9/24/2017,IND,CLE,1456.265055,1321.025347
9/24/2017,CHI,PIT,1359.948655,1620.863437
9/24/2017,CAR,NO,1559.868204,1459.943184
9/24/2017,BUF,DEN,1487.395191,1590.625363
9/24/2017,NE,HOU,1665.857393,1472.241148
9/24/2017,DET,ATL,1555.831841,1645.041803
9/24/2017,PHI,NYG,1532.47516,1479.365438
9/24/2017,TEN,SEA,1473.54436,1558.509153
9/24/2017,LAC,KC,1419.932439,1664.257536
9/24/2017,GB,CIN,1585.183329,1455.163151
9/24/2017,WSH,OAK,1495.98161,1568.985322
9/25/2017,ARI,DAL,1528.522023,1560.168915
9/28/2017,GB,CHI,1591.436405,1392.222633
10/1/2017,MIA,NO,1488.83699,1508.127681
10/1/2017,MIN,DET,1525.836505,1541.020133
10/1/2017,NYJ,JAX,1450.179332,1449.699892
10/1/2017,NE,CAR,1670.425181,1511.683707
10/1/2017,DAL,LAR,1587.815273,1428.301051
10/1/2017,CLE,CIN,1314.926228,1448.910076
10/1/2017,BAL,PIT,1485.269528,1588.589459
10/1/2017,ATL,BUF,1659.853512,1514.47261
10/1/2017,HOU,TEN,1467.673361,1494.308852
10/1/2017,TB,NYG,1495.083257,1470.516696
10/1/2017,ARI,SF,1500.875665,1319.136609
10/1/2017,LAC,PHI,1406.779559,1541.323902
10/1/2017,DEN,OAK,1563.547943,1539.307913
10/1/2017,SEA,IND,1537.74466,1462.364174
10/2/2017,KC,WSH,1677.410417,1525.659019
10/5/2017,TB,NE,1502.976977,1646.23325
10/8/2017,IND,SF,1442.847034,1314.285061
10/8/2017,MIA,TEN,1460.330403,1461.205894
10/8/2017,PHI,ARI,1549.869753,1505.727213
10/8/2017,NYG,LAC,1462.622977,1398.233708
10/8/2017,CLE,NYJ,1289.832752,1461.134047
10/8/2017,PIT,JAX,1613.877671,1438.745177
10/8/2017,CIN,BUF,1474.003552,1547.629174
10/8/2017,DET,CAR,1565.326231,1535.875638
10/8/2017,OAK,BAL,1525.307756,1459.981316
10/8/2017,LAR,SEA,1459.610942,1557.261801
10/8/2017,DAL,GB,1556.505381,1601.333706
10/8/2017,HOU,KC,1500.77632,1686.762878
10/9/2017,CHI,MIN,1382.325332,1501.530406
10/12/2017,CAR,PHI,1554.20393,1571.959474
10/15/2017,NO,DET,1536.634268,1546.997939
10/15/2017,NYJ,NE,1470.433716,1659.702856
10/15/2017,HOU,CLE,1486.922322,1280.533084
10/15/2017,WSH,SF,1516.306558,1307.988466
10/15/2017,MIN,GB,1512.966143,1618.519027
10/15/2017,BAL,CHI,1498.08915,1370.889595
10/15/2017,ATL,MIA,1626.696948,1475.787722
10/15/2017,JAX,LAR,1494.217278,1442.233089
10/15/2017,ARI,TB,1483.637492,1489.507371
10/15/2017,OAK,LAC,1487.199923,1424.050103
10/15/2017,KC,PIT,1700.616875,1558.405569
10/15/2017,DEN,NYG,1577.5481,1436.806581
10/16/2017,TEN,IND,1445.748575,1449.143629
10/19/2017,OAK,KC,1477.241709,1667.65236
10/22/2017,MIA,NYJ,1499.64627,1457.505475
10/22/2017,MIN,BAL,1542.976308,1475.259944
10/22/2017,IND,JAX,1427.423379,1460.672593
10/22/2017,GB,NO,1588.508862,1558.937075
10/22/2017,CLE,TEN,1271.790246,1467.468825
10/22/2017,BUF,TB,1531.070386,1474.99999
10/22/2017,LAR,ARI,1475.777774,1498.144873
10/22/2017,CHI,CAR,1393.7188,1533.418436
10/22/2017,SF,DAL,1304.63195,1539.32006
10/22/2017,PIT,CIN,1591.370085,1490.562339
10/22/2017,LAC,DEN,1434.008317,1532.962511
10/22/2017,NYG,SEA,1481.39217,1574.639654
10/22/2017,NE,ATL,1672.631096,1602.8384
10/23/2017,PHI,WSH,1592.744968,1519.663074
10/26/2017,BAL,MIA,1462.089618,1508.913448
10/29/2017,CLE,MIN,1263.406731,1556.146634
10/29/2017,BUF,OAK,1539.808155,1487.135904
10/29/2017,CIN,IND,1476.227791,1390.53219
10/29/2017,NO,CHI,1589.389264,1427.686968
10/29/2017,PHI,SF,1606.784694,1287.191422
10/29/2017,NYJ,ATL,1448.238298,1586.009065
10/29/2017,NE,LAC,1689.460431,1468.461721
10/29/2017,TB,CAR,1466.262221,1499.450268
10/29/2017,SEA,HOU,1600.861896,1495.66516
10/29/2017,WSH,DAL,1505.623348,1556.760588
10/29/2017,DET,PIT,1524.695131,1605.704633
10/30/2017,KC,DEN,1657.758165,1498.509108
11/2/2017,NYJ,BUF,1434.474891,1559.277565
11/5/2017,NYG,LAR,1455.169928,1513.693926
11/5/2017,HOU,IND,1488.640924,1386.694668
11/5/2017,JAX,CIN,1497.563781,1480.065313
11/5/2017,TEN,BAL,1475.852339,1496.995953
11/5/2017,PHI,DEN,1612.114356,1489.121322
11/5/2017,NO,TB,1597.887929,1436.275468
11/5/2017,CAR,ATL,1529.437022,1599.772472
11/5/2017,SF,ARI,1281.86176,1460.228721
11/5/2017,SEA,WSH,1607.886131,1477.284329
11/5/2017,DAL,KC,1585.099607,1667.145951
11/5/2017,MIA,OAK,1474.007113,1467.666493
11/6/2017,GB,DET,1558.056674,1507.726063
11/9/2017,ARI,SEA,1475.845056,1584.90741
11/12/2017,CHI,GB,1419.188303,1521.286376
11/12/2017,TB,NYJ,1424.494305,1466.226743
11/12/2017,WSH,MIN,1500.263051,1564.126735
11/12/2017,TEN,CIN,1487.737684,1459.122334
11/12/2017,JAX,LAC,1518.50676,1462.177107
11/12/2017,IND,PIT,1417.156825,1622.673701
11/12/2017,DET,CLE,1544.496361,1255.42663
11/12/2017,BUF,NO,1527.525714,1609.669092
11/12/2017,LAR,HOU,1550.016949,1458.178767
11/12/2017,ATL,DAL,1585.662437,1611.370429
11/12/2017,SF,NYG,1266.245425,1418.846906
11/12/2017,DEN,NE,1473.418277,1695.745045
11/13/2017,CAR,MIA,1543.547057,1456.778278
11/16/2017,PIT,TEN,1630.703953,1499.113409
11/19/2017,NO,WSH,1643.984131,1478.207552
11/19/2017,MIA,TB,1439.042903,1441.038782
11/19/2017,CHI,DET,1400.914005,1549.873141
11/19/2017,GB,BAL,1539.560675,1485.110609
11/19/2017,CLE,JAX,1250.04985,1527.234851
11/19/2017,HOU,ARI,1440.429222,1459.174527
11/19/2017,MIN,LAR,1586.182234,1567.766493
11/19/2017,NYG,KC,1387.706951,1640.875129
11/19/2017,LAC,BUF,1453.449015,1493.210675
11/19/2017,DEN,CIN,1455.910703,1447.74661
11/19/2017,OAK,NE,1484.895328,1713.252619
11/19/2017,DAL,PHI,1584.827749,1627.817401
11/20/2017,SEA,ATL,1601.577939,1612.205117
11/23/2017,DET,MIN,1560.060972,1607.469659
11/23/2017,DAL,LAC,1548.662607,1484.937521
11/23/2017,WSH,NYG,1472.95258,1410.358234
11/26/2017,NYJ,CAR,1449.682265,1561.282431
11/26/2017,NE,MIA,1725.751926,1409.928868
11/26/2017,CIN,CLE,1465.062314,1239.397305
11/26/2017,ATL,TB,1628.625875,1470.152818
11/26/2017,IND,TEN,1409.126573,1484.885223
11/26/2017,KC,BUF,1618.223846,1461.722169
11/26/2017,PHI,CHI,1663.982543,1390.726173
11/26/2017,SF,SEA,1297.385379,1585.157181
11/26/2017,LAR,NO,1546.479069,1649.239102
11/26/2017,ARI,JAX,1438.797627,1537.887397
11/26/2017,OAK,DEN,1472.396021,1438.594999
11/26/2017,PIT,GB,1644.932139,1494.836593
11/27/2017,BAL,HOU,1529.83469,1460.806122
11/30/2017,DAL,WSH,1503.555254,1487.648665
12/3/2017,NYJ,KC,1431.034519,1584.399517
12/3/2017,TEN,HOU,1500.405486,1448.412911
12/3/2017,GB,TB,1489.160154,1459.510174
12/3/2017,CHI,SF,1383.437753,1287.585931
12/3/2017,BUF,NE,1495.546498,1730.794624
12/3/2017,BAL,DET,1542.227901,1538.038503
12/3/2017,ATL,MIN,1639.268519,1629.492128
12/3/2017,MIA,DEN,1404.88617,1424.205745
12/3/2017,JAX,IND,1522.429061,1393.60631
12/3/2017,LAC,CLE,1530.044874,1231.838645
12/3/2017,OAK,NYG,1486.785275,1395.662149
12/3/2017,ARI,LAR,1454.255962,1568.421349
12/3/2017,NO,CAR,1627.296822,1579.930178
12/3/2017,SEA,PHI,1594.956629,1671.270964
12/4/2017,CIN,PIT,1472.620974,1650.608578
12/7/2017,ATL,NO,1616.789031,1642.979125
12/10/2017,CAR,MIN,1564.247875,1651.971616
12/10/2017,KC,OAK,1557.340674,1498.020226
12/10/2017,HOU,SF,1432.476257,1298.298514
12/10/2017,CLE,GB,1227.490928,1502.856237
12/10/2017,CIN,CHI,1463.578256,1372.725169
12/10/2017,BUF,IND,1480.123813,1379.795115
12/10/2017,TB,DET,1445.81409,1512.965052
12/10/2017,NYG,DAL,1384.427197,1527.500303
12/10/2017,DEN,NYJ,1396.138686,1458.093362
12/10/2017,LAC,WSH,1534.392591,1463.703616
12/10/2017,ARI,TEN,1430.438805,1516.342141
12/10/2017,JAX,SEA,1536.240256,1623.063252
12/10/2017,LAR,PHI,1592.238506,1643.16434
12/10/2017,PIT,BAL,1659.651297,1567.301353
12/11/2017,MIA,NE,1432.95323,1746.217308
12/14/2017,IND,DEN,1369.712489,1427.597124
12/16/2017,DET,CHI,1526.728714,1423.120288
12/16/2017,KC,LAC,1572.786355,1551.49428
12/17/2017,BUF,MIA,1490.206439,1470.773548
12/17/2017,CAR,GB,1586.631597,1511.009555
12/17/2017,CLE,BAL,1219.33761,1563.577076
12/17/2017,JAX,HOU,1557.1272,1392.458884
12/17/2017,MIN,CIN,1629.587894,1413.183137
12/17/2017,NO,NYJ,1630.871899,1426.634924
12/17/2017,NYG,PHI,1361.523327,1666.173363
12/17/2017,WSH,ARI,1446.601926,1449.615313
12/17/2017,SEA,LAR,1602.176309,1569.229483
12/17/2017,SF,TEN,1338.315886,1497.165633
12/17/2017,PIT,NE,1663.375573,1708.39699
12/17/2017,OAK,DAL,1482.574546,1550.404174
12/18/2017,TB,ATL,1432.050427,1628.896257
12/23/2017,BAL,IND,1572.1408,1343.452845
12/23/2017,GB,MIN,1498.969762,1639.350084
12/24/2017,KC,MIA,1593.829949,1454.656789
12/24/2017,CIN,DET,1403.420947,1538.967782
12/24/2017,CHI,CLE,1410.881221,1210.773886
12/24/2017,CAR,TB,1598.67139,1423.70933
12/24/2017,WSH,DEN,1460.951979,1453.856768
12/24/2017,TEN,LAR,1482.663406,1617.036125
12/24/2017,NYJ,LAC,1418.631541,1530.450686
12/24/2017,NO,ATL,1638.875282,1637.237354
12/24/2017,NE,BUF,1723.19056,1506.323199
12/24/2017,SF,JAX,1352.818114,1571.091058
12/24/2017,ARI,NYG,1435.26526,1355.025305
12/24/2017,DAL,SEA,1564.136553,1554.369666
12/25/2017,HOU,PIT,1378.495026,1648.582004
12/25/2017,PHI,OAK,1672.671385,1468.842167
12/31/2017,NYG,WSH,1336.996956,1482.772876
12/31/2017,PHI,DAL,1679.871227,1535.248978
12/31/2017,PIT,CLE,1663.055594,1201.561463
12/31/2017,IND,HOU,1337.740217,1364.021436
12/31/2017,MIN,CHI,1660.89179,1420.093644
12/31/2017,DET,GB,1510.414119,1477.428056
12/31/2017,NE,NYJ,1732.224433,1400.997738
12/31/2017,TB,NO,1418.689627,1657.739275
12/31/2017,ATL,CAR,1618.37336,1603.691093
12/31/2017,BAL,CIN,1577.853428,1431.97461
12/31/2017,MIA,BUF,1442.425111,1497.289326
12/31/2017,TEN,JAX,1470.135606,1533.307148
12/31/2017,DEN,KC,1432.03587,1606.061627
12/31/2017,LAC,OAK,1548.084489,1461.642325
12/31/2017,LAR,SF,1629.563924,1390.602024
12/31/2017,SEA,ARI,1583.257242,1453.29361
1/6/2018,KC,TEN,1615.25609,1487.944106
1/6/2018,LAR,ATL,1568.454281,1637.546861
1/7/2018,JAX,BUF,1515.498649,1517.408642
1/7/2018,NO,CAR,1624.706449,1584.517593
1/13/2018,PHI,ATL,1646.760562,1663.578159
1/13/2018,NE,TEN,1737.008571,1499.361184
1/14/2018,PIT,JAX,1664.25181,1532.08244
1/14/2018,MIN,NO,1667.692214,1636.781874
1/21/2018,NE,JAX,1745.107927,1555.129851
1/21/2018,PHI,MIN,1661.878061,1680.238577
2/4/2018,NE,PHI,1750.510171,1691.287319
9/6/2018,PHI,ATL,1646.78633,1600.64044
9/9/2018,MIA,TEN,1449.87053,1495.841219
9/9/2018,NE,HOU,1651.078663,1397.603393
9/9/2018,NO,TB,1584.49034,1469.481636
9/9/2018,MIN,SF,1602.219546,1469.474445
9/9/2018,CLE,PIT,1301.910164,1595.802933
9/9/2018,NYG,JAX,1411.677494,1534.818404
9/9/2018,IND,CIN,1406.904376,1474.615256
9/9/2018,BAL,BUF,1535.270103,1502.216567
9/9/2018,LAC,KC,1544.922535,1570.892675
9/9/2018,CAR,DAL,1549.961445,1547.239762
9/9/2018,ARI,WSH,1482.654417,1471.502394
9/9/2018,DEN,SEA,1450.227605,1545.04615
9/9/2018,GB,CHI,1471.719666,1443.862147
9/10/2018,DET,NYJ,1523.50845,1432.475733
9/10/2018,OAK,LAR,1464.895341,1529.948656
9/13/2018,CIN,BAL,1499.240097,1561.692326
9/16/2018,TEN,HOU,1476.353157,1392.595466
9/16/2018,ATL,CAR,1587.848622,1567.174456
9/16/2018,WSH,IND,1508.582613,1382.279534
9/16/2018,TB,PHI,1504.808399,1659.578148
9/16/2018,PIT,KC,1586.995454,1598.035615
9/16/2018,BUF,LAC,1475.794344,1517.779595
9/16/2018,GB,MIN,1476.634054,1612.002483
9/16/2018,NO,CLE,1549.163577,1310.717644
9/16/2018,NYJ,MIA,1485.489225,1469.358591
9/16/2018,SF,DET,1459.691508,1470.494958
9/16/2018,LAR,ARI,1560.388471,1445.574198
9/16/2018,JAX,NE,1549.380453,1656.086591
9/16/2018,DEN,OAK,1465.484205,1434.455526
9/16/2018,DAL,NYG,1530.02675,1397.115446
9/17/2018,CHI,SEA,1438.94776,1529.789551
9/20/2018,CLE,NYJ,1307.100523,1457.443178
9/23/2018,BAL,DEN,1537.05401,1470.335452
9/23/2018,ATL,NO,1603.025766,1552.780698
9/23/2018,WSH,GB,1466.416637,1479.681033
9/23/2018,PHI,IND,1634.163172,1424.44551
9/23/2018,MIN,BUF,1608.955504,1449.021558
9/23/2018,MIA,OAK,1497.404638,1429.604278
9/23/2018,HOU,NYG,1384.853607,1387.864275
9/23/2018,JAX,TEN,1577.735693,1484.095016
9/23/2018,KC,SF,1619.233742,1471.127613
9/23/2018,CAR,CIN,1551.997312,1523.878414
9/23/2018,LAR,LAC,1577.617266,1544.552381
9/23/2018,SEA,DAL,1507.185811,1539.277921
9/23/2018,ARI,CHI,1428.345403,1461.5515
9/23/2018,DET,NE,1459.058853,1627.73135
9/24/2018,TB,PIT,1530.223375,1565.797327
9/27/2018,LAR,MIN,1595.419871,1554.901861
9/30/2018,CHI,TB,1473.715966,1514.985292
9/30/2018,IND,HOU,1419.563792,1363.161438
9/30/2018,GB,BUF,1457.133693,1503.0752
9/30/2018,DAL,DET,1517.107093,1497.410078
9/30/2018,TEN,PHI,1505.419466,1639.04489
9/30/2018,NE,MIA,1589.380125,1510.570146
9/30/2018,ATL,CIN,1575.91882,1506.895489
9/30/2018,JAX,NYJ,1556.411243,1436.667133
9/30/2018,OAK,CLE,1416.438771,1327.876568
9/30/2018,ARI,SEA,1416.180936,1529.356639
9/30/2018,NYG,NO,1409.556444,1579.887643
9/30/2018,LAC,SF,1526.749777,1460.853619
9/30/2018,PIT,BAL,1581.035409,1552.94156
10/1/2018,DEN,KC,1454.447902,1629.507735
10/4/2018,NE,IND,1609.165577,1399.963155
10/7/2018,KC,JAX,1640.136029,1570.596887
10/7/2018,DET,GB,1489.360214,1486.515855
10/7/2018,CLE,BAL,1320.299651,1586.73377
10/7/2018,CAR,NYG,1568.980237,1390.881853
10/7/2018,CIN,MIA,1516.990589,1490.784694
10/7/2018,NYJ,DEN,1422.481489,1443.819608
10/7/2018,PIT,ATL,1547.2432,1565.82372
10/7/2018,BUF,TEN,1473.693039,1522.518945
10/7/2018,LAC,OAK,1533.387281,1424.015688
10/7/2018,SF,ARI,1454.216115,1404.484151
10/7/2018,SEA,LAR,1541.053425,1609.414936
10/7/2018,PHI,MIN,1621.945412,1540.906796
10/7/2018,HOU,DAL,1382.762074,1525.156957
10/8/2018,NO,WSH,1598.562235,1488.963977
10/11/2018,NYG,PHI,1386.965954,1605.504087
10/14/2018,ATL,TB,1538.486964,1481.212388
10/14/2018,WSH,CAR,1472.982601,1572.896136
10/14/2018,OAK,SEA,1409.934301,1530.19019
10/14/2018,NYJ,IND,1447.743628,1391.727206
10/14/2018,MIN,ARI,1557.348121,1437.845577
10/14/2018,CIN,PIT,1534.105949,1574.579955
10/14/2018,HOU,BUF,1400.279293,1480.25383
10/14/2018,MIA,CHI,1473.669334,1507.48887
10/14/2018,CLE,LAC,1343.533293,1547.468668
10/14/2018,DEN,LAR,1418.557469,1620.278171
10/14/2018,TEN,BAL,1515.958153,1563.500128
10/14/2018,DAL,JAX,1507.639738,1553.748897
10/14/2018,NE,KC,1617.401526,1656.98402
10/15/2018,GB,SF,1469.311021,1420.854689
10/18/2018,ARI,DEN,1426.477968,1410.392056
10/21/2018,LAC,TEN,1566.244671,1483.236176
10/21/2018,IND,BUF,1377.874976,1458.415078
10/21/2018,CHI,NE,1495.043114,1630.105325
10/21/2018,NYJ,MIN,1461.595858,1568.71573
10/21/2018,PHI,CAR,1622.400289,1551.142941
10/21/2018,MIA,DET,1486.11509,1506.565047
10/21/2018,TB,CLE,1469.977009,1324.75729
10/21/2018,JAX,HOU,1520.684678,1422.118045
10/21/2018,BAL,NO,1596.222105,1614.543611
10/21/2018,SF,LAR,1411.829826,1628.443583
10/21/2018,WSH,DAL,1494.735796,1540.703956
10/21/2018,KC,CIN,1644.280221,1511.595104
10/22/2018,ATL,NYG,1549.722343,1370.069752
10/25/2018,HOU,MIA,1463.139515,1457.518
10/28/2018,JAX,PHI,1479.663208,1598.83964
10/28/2018,DET,SEA,1535.162136,1550.549352
10/28/2018,CIN,TB,1495.635248,1475.789653
10/28/2018,CAR,BAL,1574.70359,1588.194619
10/28/2018,PIT,CLE,1597.090801,1318.944647
10/28/2018,NYG,WSH,1365.16692,1507.727722
10/28/2018,CHI,NYJ,1478.900167,1435.326492
10/28/2018,KC,DEN,1660.240076,1456.127686
10/28/2018,OAK,IND,1389.575139,1414.662785
10/28/2018,LAR,GB,1647.19655,1478.335885
10/28/2018,ARI,SF,1380.742338,1393.076859
10/28/2018,MIN,NO,1594.985096,1622.571097
10/29/2018,BUF,NE,1421.627269,1646.248272
11/1/2018,SF,OAK,1381.574708,1358.839722
11/4/2018,MIN,DET,1567.974526,1503.527284
11/4/2018,MIA,NYJ,1434.312371,1417.331603
11/4/2018,CLE,KC,1313.100986,1666.732701
11/4/2018,CAR,TB,1597.807892,1465.637897
11/4/2018,BUF,CHI,1405.695997,1496.895056
11/4/2018,BAL,PIT,1565.090318,1602.934462
11/4/2018,WSH,ATL,1523.403011,1554.625175
11/4/2018,DEN,HOU,1449.635061,1486.345144
11/4/2018,SEA,LAC,1582.184205,1571.357968
11/4/2018,NO,LAR,1649.581667,1651.297664
11/4/2018,NE,GB,1662.179544,1474.234771
11/5/2018,DAL,TEN,1527.712029,1478.122879
11/8/2018,PIT,CAR,1625.631042,1609.898389
11/11/2018,CIN,NO,1505.787004,1668.690932
11/11/2018,KC,ARI,1674.725487,1392.244489
11/11/2018,TB,WSH,1453.547399,1487.544108
11/11/2018,NYJ,BUF,1401.928724,1373.743062
11/11/2018,CHI,DET,1528.847991,1486.67047
11/11/2018,TEN,NE,1515.786295,1671.363785
11/11/2018,IND,JAX,1445.398202,1467.298689
11/11/2018,CLE,ATL,1305.108199,1590.484078
11/11/2018,OAK,LAC,1333.753137,1599.003695
11/11/2018,GB,MIA,1465.05053,1449.715251
11/11/2018,LAR,SEA,1632.188398,1554.538479
11/11/2018,PHI,DAL,1611.20416,1490.048613
11/12/2018,SF,NYG,1406.661293,1349.491631
11/15/2018,SEA,GB,1544.256863,1487.386265
11/18/2018,BAL,CIN,1542.393738,1480.522839
11/18/2018,JAX,PIT,1455.380173,1651.430299
11/18/2018,DET,CAR,1469.526781,1584.099132
11/18/2018,ATL,DAL,1545.987979,1523.891842
11/18/2018,NYG,TB,1372.289033,1424.397309
11/18/2018,WSH,HOU,1516.694199,1498.378578
11/18/2018,IND,TEN,1457.316717,1557.916228
11/18/2018,LAC,DEN,1610.91737,1437.601627
11/18/2018,ARI,OAK,1386.964811,1321.839461
11/18/2018,NO,PHI,1693.955097,1577.360931
11/18/2018,CHI,MIN,1545.99168,1584.831339
11/19/2018,LAR,KC,1642.470014,1680.005165
11/22/2018,DET,CHI,1477.623015,1562.367972
11/22/2018,DAL,WSH,1541.870745,1502.588766
11/22/2018,NO,ATL,1711.917364,1528.009076
11/25/2018,PHI,NYG,1559.398664,1385.560056
11/25/2018,TB,SF,1411.126285,1383.863891
11/25/2018,NYJ,NE,1356.258104,1629.233852
11/25/2018,BAL,OAK,1550.916558,1337.695926
11/25/2018,CAR,SEA,1576.002898,1552.964784
11/25/2018,CIN,CLE,1472.000019,1349.604297
11/25/2018,BUF,JAX,1419.413682,1445.662907
11/25/2018,LAC,ARI,1598.515773,1371.108347
11/25/2018,DEN,PIT,1450.003224,1661.147565
11/25/2018,IND,MIA,1495.038301,1427.379516
11/25/2018,MIN,GB,1568.455047,1478.678344
11/26/2018,HOU,TEN,1512.484011,1520.194645
11/29/2018,DAL,NO,1556.734667,1721.291338
12/2/2018,JAX,IND,1433.553071,1503.349935
12/2/2018,GB,ARI,1467.374947,1361.197211
12/2/2018,HOU,CLE,1536.050772,1394.838493
12/2/2018,TB,CAR,1432.052793,1557.979209
12/2/2018,NYG,CHI,1380.512033,1581.807431
12/2/2018,CIN,DEN,1426.765823,1481.130498
12/2/2018,DET,LAR,1458.183556,1655.081919
12/2/2018,MIA,BUF,1419.067882,1431.523517
12/2/2018,ATL,BAL,1518.635102,1559.525742
12/2/2018,TEN,NYJ,1496.627883,1344.779358
12/2/2018,OAK,KC,1329.086742,1667.39326
12/2/2018,NE,MIN,1640.712599,1579.758444
12/2/2018,SEA,SF,1570.988473,1362.937384
12/2/2018,PIT,LAC,1630.020292,1608.426908
12/3/2018,PHI,WSH,1564.446687,1487.724845
12/6/2018,TEN,JAX,1503.161871,1453.323926
12/9/2018,KC,BAL,1673.746816,1585.450084
12/9/2018,GB,ATL,1445.482246,1492.71076
12/9/2018,CLE,CAR,1382.726456,1532.880112
12/9/2018,HOU,IND,1548.162809,1483.579081
12/9/2018,MIA,NE,1432.427539,1657.427396
12/9/2018,TB,NO,1457.151889,1702.720906
12/9/2018,WSH,NYG,1471.749538,1400.807839
12/9/2018,BUF,NYJ,1418.16386,1338.24537
12/9/2018,SF,DEN,1352.742659,1509.175275
12/9/2018,LAC,CIN,1626.381905,1398.721046
12/9/2018,DAL,PHI,1575.305098,1580.421994
12/9/2018,OAK,PIT,1322.733186,1612.065295
12/9/2018,ARI,DET,1383.089912,1441.893402
12/9/2018,CHI,LAR,1561.511626,1671.372073
12/10/2018,SEA,MIN,1581.183197,1563.043647
12/13/2018,KC,LAC,1681.332786,1631.330875
12/15/2018,NYJ,HOU,1362.271505,1528.179445
12/15/2018,DEN,CLE,1483.649404,1407.833363
12/16/2018,BUF,DET,1394.137725,1469.534688
12/16/2018,CHI,GB,1588.034974,1470.972863
12/16/2018,CIN,OAK,1393.772075,1346.950119
12/16/2018,NYG,TEN,1447.895094,1523.167676
12/16/2018,MIN,MIA,1543.077002,1443.120732
12/16/2018,JAX,WSH,1433.318121,1424.662283
12/16/2018,BAL,TB,1577.864115,1444.075174
12/16/2018,IND,DAL,1503.562445,1591.015471
12/16/2018,ATL,ARI,1467.220143,1355.448627
12/16/2018,SF,SEA,1378.26853,1601.149842
12/16/2018,PIT,NE,1587.848362,1646.734204
12/16/2018,LAR,PHI,1644.848725,1564.711621
12/17/2018,CAR,NO,1507.773206,1715.797622
12/22/2018,TEN,WSH,1551.086686,1442.001412
12/22/2018,LAC,BAL,1640.980843,1587.598361
12/23/2018,MIA,JAX,1426.413865,1415.978991
12/23/2018,PHI,HOU,1595.769229,1542.444387
12/23/2018,NYJ,GB,1348.006563,1461.001471
12/23/2018,IND,NYG,1537.742788,1419.976084
12/23/2018,NE,BUF,1626.362307,1401.310456
12/23/2018,CAR,ATL,1499.831436,1483.419373
12/23/2018,DAL,TB,1556.835127,1434.340927
12/23/2018,CLE,CIN,1418.086065,1411.523444
12/23/2018,DET,MIN,1462.361957,1559.783869
12/23/2018,SF,CHI,1399.558345,1598.006365
12/23/2018,ARI,LAR,1339.249397,1613.791118
12/23/2018,NO,PIT,1723.739392,1608.220259
12/23/2018,SEA,KC,1579.860028,1671.682818
12/24/2018,OAK,DEN,1329.19875,1473.396702
12/30/2018,BUF,MIA,1394.128145,1396.27552
12/30/2018,NE,NYJ,1633.544618,1331.577006
12/30/2018,GB,DET,1477.431028,1436.045141
12/30/2018,HOU,JAX,1535.438338,1446.117336
12/30/2018,TB,ATL,1424.620817,1518.011923
12/30/2018,NYG,DAL,1416.663238,1566.555237
12/30/2018,NO,CAR,1730.435133,1465.238886
12/30/2018,WSH,PHI,1430.542116,1602.775278
12/30/2018,SEA,ARI,1602.53307,1326.059193
12/30/2018,LAR,SF,1626.981322,1388.8526
12/30/2018,KC,OAK,1649.009776,1362.709331
12/30/2018,DEN,LAC,1439.886121,1604.977617
12/30/2018,MIN,CHI,1586.100685,1608.71211
12/30/2018,BAL,CLE,1623.601588,1435.043924
12/30/2018,PIT,CIN,1601.524518,1394.565585
12/30/2018,TEN,IND,1562.545982,1541.055633
1/5/2019,HOU,IND,1551.182065,1577.74081
1/5/2019,DAL,SEA,1571.630171,1605.48163
1/6/2019,BAL,LAC,1627.31591,1623.617446
1/6/2019,CHI,PHI,1639.676863,1624.284707
1/12/2019,KC,IND,1656.058181,1608.340079
1/12/2019,LAR,DAL,1634.386185,1581.494328
1/13/2019,NE,LAC,1640.17196,1647.624483
1/13/2019,NO,PHI,1669.105861,1633.114673
1/20/2019,NO,LAR,1682.450194,1648.424105
1/20/2019,KC,NE,1675.286412,1661.668566
2/3/2019,LAR,NE,1666.969395,1686.338837
9/5/2019,CHI,GB,1588.897931,1455.13137
9/8/2019,MIA,BAL,1415.178762,1570.539249
9/8/2019,NYJ,BUF,1384.966442,1448.423682
9/8/2019,CLE,TEN,1455.886401,1518.907204
9/8/2019,CAR,LAR,1519.378772,1598.015666
9/8/2019,JAX,KC,1455.249073,1602.077427
9/8/2019,MIN,ATL,1538.423954,1520.315825
9/8/2019,PHI,WSH,1581.513559,1441.021792
9/8/2019,SEA,CIN,1565.411649,1428.533515
9/8/2019,LAC,IND,1585.751918,1561.074565
9/8/2019,ARI,DET,1383.740422,1490.519409
9/8/2019,DAL,NYG,1546.637605,1442.725536
9/8/2019,TB,SF,1444.772669,1422.631825
9/8/2019,NE,PIT,1640.856488,1572.19322
9/9/2019,NO,HOU,1610.936603,1515.388531
9/9/2019,OAK,DEN,1405.440618,1449.164195
9/12/2019,CAR,TB,1506.141723,1409.647711
9/15/2019,WSH,DAL,1433.335317,1561.645312
9/15/2019,HOU,JAX,1509.57067,1435.177771
9/15/2019,TEN,IND,1553.473791,1547.099123
9/15/2019,CIN,SF,1425.507827,1457.756782
9/15/2019,PIT,SEA,1551.694436,1568.437337
9/15/2019,NYG,BUF,1427.717829,1455.390818
9/15/2019,MIA,NE,1387.160301,1661.355272
9/15/2019,GB,MIN,1489.807271,1559.316056
9/15/2019,DET,LAC,1488.694482,1599.72736
9/15/2019,BAL,ARI,1598.55771,1385.565349
9/15/2019,OAK,KC,1425.871408,1622.148729
9/15/2019,DEN,CHI,1428.733404,1554.222031
9/15/2019,LAR,NO,1611.252716,1616.754464
9/15/2019,ATL,PHI,1499.423723,1589.200034
9/16/2019,NYJ,CLE,1377.999306,1421.319814
9/19/2019,JAX,TEN,1431.142712,1539.818977
9/22/2019,NE,NYJ,1677.301131,1345.334919
9/22/2019,IND,ATL,1560.753937,1516.860251
9/22/2019,KC,BAL,1639.90876,1604.360622
9/22/2019,DAL,MIA,1580.752671,1371.214442
9/22/2019,PHI,DET,1571.763505,1504.718793
9/22/2019,BUF,CIN,1485.887015,1389.7616
9/22/2019,MIN,OAK,1541.128678,1408.111377
9/22/2019,GB,DEN,1507.994649,1419.884182
9/22/2019,ARI,CAR,1379.762438,1476.026695
9/22/2019,TB,NYG,1439.76274,1397.221631
9/22/2019,LAC,HOU,1583.703049,1513.60573
9/22/2019,SF,PIT,1493.503009,1538.911743
9/22/2019,SEA,NO,1581.22003,1592.947548
9/22/2019,CLE,LAR,1453.984201,1635.059632
9/23/2019,WSH,CHI,1414.227959,1563.071253
9/26/2019,GB,PHI,1521.603749,1551.665409
9/29/2019,DET,KC,1524.816889,1652.218462
9/29/2019,BUF,NE,1494.387685,1681.734792
9/29/2019,IND,OAK,1569.953484,1394.573542
9/29/2019,HOU,CAR,1543.96594,1502.453091
9/29/2019,MIA,LAC,1361.322856,1553.342839
9/29/2019,NYG,WSH,1406.695714,1393.397122
9/29/2019,BAL,CLE,1592.05092,1440.595979
9/29/2019,ATL,TEN,1507.660704,1509.526814
9/29/2019,LAR,TB,1648.447853,1430.288657
9/29/2019,ARI,SEA,1353.336042,1558.244061
9/29/2019,CHI,MIN,1583.90209,1554.666512
9/29/2019,DEN,JAX,1406.275082,1461.434874
9/29/2019,NO,DAL,1615.923517,1590.644257
9/30/2019,PIT,CIN,1523.857992,1381.26093
10/3/2019,SEA,LAR,1575.03183,1595.231373
10/6/2019,NO,TB,1623.794521,1483.505137
10/6/2019,CAR,JAX,1528.982017,1472.782824
10/6/2019,CIN,ARI,1367.591915,1336.548273
10/6/2019,TEN,BUF,1542.418669,1482.18948
10/6/2019,PHI,NYJ,1574.913102,1340.901259
10/6/2019,WSH,NE,1370.164006,1693.932996
10/6/2019,OAK,CHI,1431.906745,1600.807967
10/6/2019,PIT,BAL,1537.527006,1544.287148
10/6/2019,HOU,ATL,1517.437013,1474.768849
10/6/2019,NYG,MIN,1429.928829,1537.760635
10/6/2019,LAC,DEN,1572.048267,1394.927132
10/6/2019,DAL,GB,1582.773254,1498.356056
10/6/2019,KC,IND,1665.087846,1532.620282
10/7/2019,SF,CLE,1508.55676,1488.359751
10/10/2019,NE,NYG,1704.784191,1404.589395
10/13/2019,TB,CAR,1474.575826,1542.081458
10/13/2019,BAL,CIN,1560.891956,1349.188035
10/13/2019,KC,HOU,1632.718394,1538.05475
10/13/2019,CLE,SEA,1463.735926,1580.953842
10/13/2019,JAX,NO,1459.683384,1632.723832
10/13/2019,MIN,PHI,1563.100069,1583.615981
10/13/2019,MIA,WSH,1342.617428,1359.312811
10/13/2019,LAR,SF,1589.309361,1533.180585
10/13/2019,ARI,ATL,1354.952153,1454.151113
10/13/2019,DEN,TEN,1432.368369,1512.74882
10/13/2019,NYJ,DAL,1332.198379,1546.618451
10/13/2019,LAC,PIT,1534.60703,1520.922198
10/14/2019,GB,DET,1534.51086,1511.947505
10/17/2019,DEN,KC,1462.162197,1600.661787
10/20/2019,ATL,LAR,1446.419364,1552.020498
10/20/2019,NYG,ARI,1398.816596,1362.683902
10/20/2019,IND,HOU,1564.989733,1570.111357
10/20/2019,DET,MIN,1506.926719,1588.285742
10/20/2019,WSH,SF,1367.378922,1570.469448
10/20/2019,GB,OAK,1539.531645,1453.696777
10/20/2019,BUF,MIA,1511.85933,1334.551317
10/20/2019,CIN,JAX,1343.346187,1445.834737
10/20/2019,TEN,LAC,1482.954992,1508.239062
10/20/2019,CHI,NO,1579.017935,1646.572479
10/20/2019,SEA,BAL,1594.329877,1566.733805
10/20/2019,DAL,PHI,1530.053773,1558.430308
10/21/2019,NYJ,NE,1348.763057,1710.556989
10/24/2019,MIN,WSH,1612.548008,1353.89775
10/27/2019,TEN,TB,1495.02226,1455.092826
10/27/2019,IND,DEN,1581.778479,1437.506846
10/27/2019,CHI,LAC,1554.380178,1496.171794
10/27/2019,LAR,CIN,1580.932601,1322.303164
10/27/2019,BUF,PHI,1520.440408,1529.096141
10/27/2019,ATL,SEA,1417.50726,1558.69854
10/27/2019,NO,ARI,1671.210236,1388.855586
10/27/2019,DET,NYG,1482.664454,1372.644912
10/27/2019,JAX,NYJ,1466.87776,1339.232674
10/27/2019,SF,CAR,1583.95062,1561.564458
10/27/2019,HOU,OAK,1553.322612,1437.405427
10/27/2019,NE,CLE,1720.087372,1450.359891
10/27/2019,KC,GB,1625.317139,1555.822996
10/28/2019,PIT,MIA,1547.290166,1325.970239
10/31/2019,ARI,SF,1382.397046,1610.506424
11/3/2019,JAX,HOU,1479.231492,1560.005908
11/3/2019,PHI,CHI,1564.172498,1544.537534
11/3/2019,KC,MIN,1594.998993,1618.164604
11/3/2019,PIT,IND,1554.825864,1586.406105
11/3/2019,BUF,WSH,1485.364051,1348.281154
11/3/2019,CAR,TEN,1535.008653,1505.880646
11/3/2019,MIA,NYJ,1318.434541,1326.878942
11/3/2019,OAK,DET,1430.72213,1491.54299
11/3/2019,SEA,TB,1574.458728,1444.23444
11/3/2019,DEN,CLE,1432.87922,1444.385084
11/3/2019,LAC,GB,1506.014438,1586.141142
11/3/2019,BAL,NE,1602.365142,1726.062179
11/4/2019,NYG,DAL,1363.766376,1559.38794
11/7/2019,OAK,LAC,1451.227479,1535.147006
11/10/2019,TEN,KC,1488.967355,1606.973039
11/10/2019,TB,ARI,1435.465664,1375.140838
11/10/2019,NYJ,NYG,1308.91391,1345.645418
11/10/2019,CLE,BUF,1429.564998,1497.454912
11/10/2019,CHI,DET,1528.433805,1471.037641
11/10/2019,CIN,BAL,1313.380842,1637.030925
11/10/2019,NO,ATL,1677.668776,1401.747072
11/10/2019,IND,MIA,1576.622114,1336.399573
11/10/2019,GB,CAR,1557.008574,1551.921945
11/10/2019,PIT,LAR,1564.609855,1589.854923
11/10/2019,DAL,MIN,1577.508897,1606.190558
11/11/2019,SF,SEA,1617.762632,1583.227503
11/14/2019,CLE,PIT,1443.561634,1580.204351
11/17/2019,MIN,DEN,1624.259511,1447.699307
11/17/2019,CAR,ATL,1534.866255,1461.727701
11/17/2019,DET,DAL,1458.005115,1559.439944
11/17/2019,MIA,BUF,1368.273318,1483.458275
11/17/2019,WSH,NYJ,1336.190293,1327.77776
11/17/2019,IND,JAX,1544.748369,1455.577692
11/17/2019,BAL,HOU,1648.926708,1583.659708
11/17/2019,TB,NO,1444.045456,1617.688147
11/17/2019,SF,ARI,1599.193221,1366.561046
11/17/2019,PHI,NE,1580.276227,1691.396396
11/17/2019,OAK,CIN,1462.91174,1301.485059
11/17/2019,LAR,CHI,1574.260428,1541.466331
11/18/2019,LAC,KC,1523.462745,1590.617319
11/21/2019,HOU,IND,1562.120558,1561.342977
11/24/2019,CIN,PIT,1293.43101,1546.520649
11/24/2019,NO,CAR,1636.889011,1486.410747
11/24/2019,NYJ,OAK,1363.905029,1470.965789
11/24/2019,PHI,SEA,1562.596685,1601.796914
11/24/2019,ATL,TB,1510.183209,1424.844591
11/24/2019,BUF,DEN,1507.663664,1441.918128
11/24/2019,CHI,NYG,1524.804697,1326.781568
11/24/2019,WSH,DET,1300.063024,1438.649201
11/24/2019,CLE,MIA,1477.245335,1344.067929
11/24/2019,TEN,JAX,1505.323075,1438.983084
11/24/2019,NE,DAL,1709.075938,1578.795858
11/24/2019,SF,GB,1605.645204,1574.064263
11/25/2019,LAR,BAL,1590.922061,1670.465858
,,,,
,,,,
,,,,
